allow,in,eth0,udp,100.100.,73.10/16,80,161.246.,34.11/16,80,
allow,in,eth0,tcp,100.100.,235.156/16,80,161.246.,34.11/16,80,
allow,in,eth0,tcp,100.100.,93.172/16,80,161.246.,34.11/16,80,
allow,in,eth0,tcp,192.168.,112.70/16,80,161.246.,34.11/16,80,
allow,in,eth0,tcp,100.100.,9.145/16,80,161.246.,34.11/16,80,
deny,in,eth0,udp,100.100.,66.91/16,21,161.246.,34.21/16,21,
allow,in,eth0,tcp,192.168.,68.223/16,80,161.246.,34.11/16,80,
allow,in,eth0,tcp,192.168.,78.46/16,80,161.246.,34.11/16,80,
deny,in,eth0,tcp,100.100.,156.136/16,21,161.246.,34.21/16,21,
deny,in,eth0,tcp,100.100.,10.6/16,21,161.246.,34.21/1,21,
allow,in,eth0,udp,100.100.,18.6/16,80,161.246.,34.11/1,80,
deny,in,eth0,tcp,100.100.,80.225/16,21,161.246.,34.21/16,21,
deny,in,eth0,tcp,100.100.,160.155/16,21,161.246.,34.21/16,21,
allow,in,eth0,tcp,100.100.,194.113/16,80,161.246.,34.11/16,80,
deny,in,eth0,udp,100.100.,151.26/16,21,161.246.,34.21/16,21,
allow,in,eth0,tcp,100.100.,223.52/16,80,161.246.,34.11/16,80,
allow,in,eth0,tcp,192.168.,162.46/16,21,161.246.,34.21/16,21,
allow,in,eth0,udp,192.168.,193.16/16,21,161.246.,34.21/16,21,
deny,in,eth0,tcp,192.168.,23.21/16,21,161.246.,34.21/16,21,
allow,in,eth0,udp,192.168.,199.162/16,21,161.246.,34.21/16,21,
allow,in,eth0,udp,192.168.,161.136/16,80,161.246.,34.11/16,80,
deny,in,eth0,tcp,192.168.,153.173/16,21,161.246.,34.21/16,21,
allow,in,eth0,udp,192.168.,143.61/16,21,161.246.,34.21/16,21,
allow,in,eth0,udp,192.168.,22.118/16,80,161.246.,34.11/16,80,
deny,in,eth0,udp,100.100.,180.50/16,21,161.246.,34.21/16,21,
allow,in,eth0,tcp,192.168.,11.116/16,80,161.246.,34.11/16,80,
allow,in,eth0,udp,100.100.,72.178/16,80,161.246.,34.11/16,80,
allow,in,eth0,udp,100.100.,71.12/16,80,161.246.,34.11/16,80,
allow,in,eth0,udp,100.100.,208.249/16,80,161.246.,34.11/16,80,
allow,in,eth0,udp,192.168.,42.205/16,80,161.246.,34.11/16,80,
deny,in,eth0,tcp,100.100.,164.120/16,21,161.246.,34.21/16,21,
allow,in,eth0,udp,192.168.,202.118/16,21,161.246.,34.21/16,21,
deny,in,eth0,udp,100.100.,63.191/16,21,161.246.,34.21/16,21,
deny,in,eth0,tcp,100.100.,151.153/16,21,161.246.,34.21/16,21,
deny,in,eth0,udp,100.100.,228.43/16,21,161.246.,34.21/16,21,
allow,in,eth0,udp,192.168.,152.187/16,80,161.246.,34.11/16,80,
allow,in,eth0,tcp,100.100.,256.63/16,80,161.246.,34.11/16,80,
allow,in,eth0,tcp,192.168.,121.73/16,21,161.246.,34.21/16,21,
allow,in,eth0,tcp,100.100.,207.40/16,80,161.246.,34.11/16,80,
allow,in,eth0,udp,100.100.,34.132/16,80,161.246.,34.11/16,80,
allow,in,eth0,udp,100.100.,153.117/16,80,161.246.,34.11/16,80,
allow,in,eth0,tcp,100.100.,218.218/16,21,161.246.,34.21/16,21,
allow,in,eth0,tcp,192.168.,219.181/16,21,161.246.,34.21/16,21,
allow,in,eth0,udp,100.100.,123.225/16,80,161.246.,34.11/16,80,
allow,in,eth0,tcp,100.100.,237.70/16,80,161.246.,34.11/16,80,
deny,in,eth0,udp,100.100.,48.230/16,21,161.246.,34.21/16,21,
allow,in,eth0,udp,100.100.,170.235/16,80,161.246.,34.11/16,80,
allow,in,eth0,udp,100.100.,249.142/16,80,161.246.,34.11/16,80,
deny,in,eth0,tcp,100.100.,174.196/16,21,161.246.,34.21/16,21,
allow,in,eth0,udp,100.100.,51.17/16,80,161.246.,34.11/16,80,
deny,in,eth0,udp,100.100.,165.96/16,21,161.246.,34.21/16,21,
allow,in,eth0,udp,192.168.,40.62/16,80,161.246.,34.11/16,80,
allow,in,eth0,tcp,192.168.,194.4/16,21,161.246.,34.21/16,21,
allow,in,eth0,udp,192.168.,201.207/16,21,161.246.,34.21/16,21,
allow,in,eth0,tcp,192.168.,195.217/16,80,161.246.,34.11/16,80,
allow,in,eth0,tcp,192.168.,231.22/16,21,161.246.,34.21/16,21,
allow,in,eth0,tcp,100.100.,224.19/16,80,161.246.,34.11/16,80,
deny,in,eth0,udp,100.100.,33.206/16,21,161.246.,34.21/16,21,
deny,in,eth0,udp,100.100.,252.150/16,21,161.246.,34.21/16,21,
allow,in,eth0,udp,192.168.,113.139/16,21,161.246.,34.21/16,21,
allow,in,eth0,tcp,100.100.,205.249/16,80,161.246.,34.11/16,80,
allow,in,eth0,tcp,100.100.,184.166/16,80,161.246.,34.11/16,80,
deny,in,eth0,udp,100.100.,168.157/16,21,161.246.,34.21/16,21,
allow,in,eth0,udp,100.100.,172.197/16,80,161.246.,34.11/16,80,
allow,in,eth0,udp,100.100.,183.106/16,80,161.246.,34.11/16,80,
allow,in,eth0,udp,192.168.,196.95/16,80,161.246.,34.11/16,80,
allow,in,eth0,udp,192.168.,30.61/16,21,161.246.,34.21/16,21,
allow,in,eth0,tcp,192.168.,136.87/16,80,161.246.,34.11/16,80,
allow,in,eth0,tcp,192.168.,125.165/16,21,161.246.,34.21/16,21,
allow,in,eth0,tcp,192.168.,41.3/16,21,161.246.,34.21/1,21,
deny,in,eth0,tcp,192.168.,75.62/16,21,161.246.,34.21/16,21,
allow,in,eth0,tcp,100.100.,53.157/16,80,161.246.,34.11/16,80,
allow,in,eth0,udp,192.168.,213.128/16,21,161.246.,34.21/16,21,
allow,in,eth0,udp,100.100.,231.199/16,80,161.246.,34.11/16,80,
allow,in,eth0,tcp,192.168.,84.61/16,21,161.246.,34.21/16,21,
deny,in,eth0,tcp,100.100.,80.156/16,21,161.246.,34.21/16,21,
allow,in,eth0,udp,192.168.,125.26/16,80,161.246.,34.11/16,80,
allow,in,eth0,tcp,192.168.,171.26/16,21,161.246.,34.21/16,21,
allow,in,eth0,tcp,192.168.,115.151/16,80,161.246.,34.11/16,80,
allow,in,eth0,tcp,192.168.,145.52/16,80,161.246.,34.11/16,80,
allow,in,eth0,udp,192.168.,237.109/16,80,161.246.,34.11/16,80,
allow,in,eth0,udp,100.100.,159.140/16,80,161.246.,34.11/16,80,
allow,in,eth0,tcp,192.168.,65.244/16,80,161.246.,34.11/16,80,
allow,in,eth0,udp,192.168.,245.62/16,80,161.246.,34.11/16,80,
allow,in,eth0,tcp,192.168.,82.236/16,80,161.246.,34.11/16,80,
deny,in,eth0,udp,100.100.,26.112/16,21,161.246.,34.21/16,21,
allow,in,eth0,tcp,100.100.,164.80/16,80,161.246.,34.11/16,80,
allow,in,eth0,tcp,192.168.,249.19/16,80,161.246.,34.11/16,80,
allow,in,eth0,udp,192.168.,173.252/16,21,161.246.,34.21/16,21,
deny,in,eth0,udp,100.100.,57.108/16,21,161.246.,34.21/16,21,
allow,in,eth0,tcp,192.168.,43.116/16,80,161.246.,34.11/16,80,
deny,in,eth0,udp,100.100.,45.161/16,21,161.246.,34.21/16,21,
allow,in,eth0,udp,192.168.,101.178/16,21,161.246.,34.21/16,21,
deny,in,eth0,udp,100.100.,128.157/16,21,161.246.,34.21/16,21,
deny,in,eth0,tcp,192.168.,161.229/16,21,161.246.,34.21/16,21,
allow,in,eth0,udp,192.168.,120.73/16,21,161.246.,34.21/16,21,
allow,in,eth0,udp,192.168.,111.216/16,21,161.246.,34.21/16,21,
deny,in,eth0,tcp,100.100.,194.47/16,21,161.246.,34.21/16,21,
allow,in,eth0,tcp,100.100.,188.218/16,21,161.246.,34.21/16,21,
deny,in,eth0,udp,100.100.,8.153/16,21,161.246.,34.21/16,21,
allow,in,eth0,udp,100.100.,228.39/16,80,161.246.,34.11/16,80,
allow,in,eth0,tcp,100.100.,129.20/16,80,161.246.,34.11/16,80,
allow,in,eth0,tcp,192.168.,190.190/16,80,161.246.,34.11/16,80,
allow,in,eth0,udp,192.168.,106.185/16,80,161.246.,34.11/16,80,
allow,in,eth0,tcp,192.168.,111.44/16,80,161.246.,34.11/16,80,
allow,in,eth0,udp,192.168.,62.128/16,21,161.246.,34.21/16,21,
deny,in,eth0,udp,100.100.,231.94/16,21,161.246.,34.21/16,21,
allow,in,eth0,udp,192.168.,130.29/16,80,161.246.,34.11/16,80,
deny,in,eth0,tcp,100.100.,204.106/16,21,161.246.,34.21/16,21,
allow,in,eth0,tcp,100.100.,19.8/16,80,161.246.,34.11/1,80,
allow,in,eth0,tcp,100.100.,63.126/16,80,161.246.,34.11/16,80,
deny,in,eth0,udp,100.100.,56.87/16,21,161.246.,34.21/16,21,
allow,in,eth0,udp,192.168.,35.46/16,21,161.246.,34.21/16,21,
allow,in,eth0,udp,192.168.,195.250/16,80,161.246.,34.11/16,80,
allow,in,eth0,udp,192.168.,203.30/16,80,161.246.,34.11/16,80,
allow,in,eth0,tcp,192.168.,69.206/16,21,161.246.,34.21/16,21,
allow,in,eth0,udp,100.100.,205.213/16,80,161.246.,34.11/16,80,
allow,in,eth0,udp,192.168.,11.250/16,80,161.246.,34.11/16,80,
allow,in,eth0,tcp,100.100.,77.52/16,80,161.246.,34.11/16,80,
deny,in,eth0,tcp,100.100.,237.72/16,21,161.246.,34.21/16,21,
allow,in,eth0,tcp,192.168.,55.150/16,80,161.246.,34.11/16,80,
deny,in,eth0,tcp,100.100.,130.178/16,21,161.246.,34.21/16,21,
allow,in,eth0,udp,192.168.,32.178/16,21,161.246.,34.21/16,21,
allow,in,eth0,tcp,100.100.,245.252/16,80,161.246.,34.11/16,80,
allow,in,eth0,tcp,100.100.,79.106/16,80,161.246.,34.11/16,80,
allow,in,eth0,udp,192.168.,65.249/16,21,161.246.,34.21/16,21,
deny,in,eth0,tcp,100.100.,235.128/16,21,161.246.,34.21/16,21,
allow,in,eth0,tcp,100.100.,149.32/16,80,161.246.,34.11/16,80,
allow,in,eth0,udp,100.100.,18.29/16,80,161.246.,34.11/16,80,
allow,in,eth0,tcp,192.168.,3.244/16,80,161.246.,34.11/16,80,
deny,in,eth0,udp,100.100.,82.48/16,21,161.246.,34.21/16,21,
allow,in,eth0,tcp,100.100.,126.46/16,80,161.246.,34.11/16,80,
allow,in,eth0,udp,192.168.,115.255/16,21,161.246.,34.21/16,21,
deny,in,eth0,tcp,100.100.,77.234/16,21,161.246.,34.21/16,21,
deny,in,eth0,udp,100.100.,165.141/16,21,161.246.,34.21/16,21,
allow,in,eth0,tcp,192.168.,216.166/16,21,161.246.,34.21/16,21,
allow,in,eth0,tcp,192.168.,55.137/16,80,161.246.,34.11/16,80,
deny,in,eth0,udp,100.100.,81.173/16,21,161.246.,34.21/16,21,
allow,in,eth0,udp,192.168.,88.214/16,21,161.246.,34.21/16,21,
allow,in,eth0,udp,192.168.,65.138/16,21,161.246.,34.21/16,21,
allow,in,eth0,udp,100.100.,112.220/16,80,161.246.,34.11/16,80,
allow,in,eth0,udp,192.168.,91.162/16,21,161.246.,34.21/16,21,
allow,in,eth0,udp,100.100.,39.151/16,80,161.246.,34.11/16,80,
deny,in,eth0,udp,100.100.,144.126/16,21,161.246.,34.21/16,21,
deny,in,eth0,tcp,100.100.,4.221/16,21,161.246.,34.21/16,21,
deny,in,eth0,tcp,100.100.,42.112/16,21,161.246.,34.21/16,21,
deny,in,eth0,udp,100.100.,24.99/16,21,161.246.,34.21/16,21,
deny,in,eth0,tcp,100.100.,117.82/16,21,161.246.,34.21/16,21,
allow,in,eth0,tcp,192.168.,193.10/16,21,161.246.,34.21/16,21,
allow,in,eth0,udp,192.168.,92.2/16,80,161.246.,34.11/1,80,
allow,in,eth0,tcp,192.168.,246.133/16,21,161.246.,34.21/16,21,
allow,in,eth0,tcp,100.100.,184.185/16,80,161.246.,34.11/16,80,
allow,in,eth0,udp,192.168.,91.150/16,80,161.246.,34.11/16,80,
deny,in,eth0,tcp,100.100.,58.109/16,21,161.246.,34.21/16,21,
allow,in,eth0,udp,100.100.,188.172/16,80,161.246.,34.11/16,80,
allow,in,eth0,udp,192.168.,42.230/16,80,161.246.,34.11/16,80,
allow,in,eth0,udp,100.100.,28.102/16,80,161.246.,34.11/16,80,
allow,in,eth0,udp,192.168.,12.142/16,21,161.246.,34.21/16,21,
allow,in,eth0,udp,192.168.,233.36/16,80,161.246.,34.11/16,80,
allow,in,eth0,udp,192.168.,135.33/16,80,161.246.,34.11/16,80,
allow,in,eth0,tcp,192.168.,227.155/16,80,161.246.,34.11/16,80,
allow,in,eth0,udp,192.168.,131.146/16,21,161.246.,34.21/16,21,
allow,in,eth0,tcp,192.168.,2.223/16,21,161.246.,34.21/16,21,
allow,in,eth0,tcp,192.168.,31.92/16,80,161.246.,34.11/16,80,
allow,in,eth0,udp,192.168.,223.213/16,21,161.246.,34.21/16,21,
allow,in,eth0,udp,100.100.,52.75/16,80,161.246.,34.11/16,80,
allow,in,eth0,tcp,192.168.,138.9/16,21,161.246.,34.21/16,21,
allow,in,eth0,udp,192.168.,175.131/16,21,161.246.,34.21/16,21,
allow,in,eth0,tcp,100.100.,232.133/16,80,161.246.,34.11/16,80,
deny,in,eth0,udp,100.100.,31.126/16,21,161.246.,34.21/16,21,
deny,in,eth0,udp,100.100.,81.32/16,21,161.246.,34.21/16,21,
deny,in,eth0,tcp,100.100.,157.113/16,21,161.246.,34.21/16,21,
allow,in,eth0,udp,192.168.,82.173/16,80,161.246.,34.11/16,80,
deny,in,eth0,udp,100.100.,142.1/16,21,161.246.,34.21/16,21,
deny,in,eth0,tcp,100.100.,65.163/16,21,161.246.,34.21/16,21,
allow,in,eth0,udp,100.100.,167.69/16,80,161.246.,34.11/16,80,
allow,in,eth0,tcp,192.168.,134.1/16,80,161.246.,34.11/16,80,
allow,in,eth0,tcp,192.168.,27.120/16,80,161.246.,34.11/16,80,
allow,in,eth0,tcp,100.100.,251.69/16,80,161.246.,34.11/16,80,
allow,in,eth0,udp,192.168.,125.16/16,21,161.246.,34.21/16,21,
deny,in,eth0,tcp,100.100.,164.254/16,21,161.246.,34.21/16,21,
deny,in,eth0,udp,100.100.,153.196/16,21,161.246.,34.21/16,21,
allow,in,eth0,udp,100.100.,241.185/16,80,161.246.,34.11/16,80,
allow,in,eth0,tcp,192.168.,88.102/16,80,161.246.,34.11/16,80,
allow,in,eth0,udp,100.100.,200.207/16,80,161.246.,34.11/16,80,
deny,in,eth0,udp,100.100.,8.220/16,21,161.246.,34.21/16,21,
allow,in,eth0,udp,100.100.,217.3/16,80,161.246.,34.11/16,80,
allow,in,eth0,udp,192.168.,83.221/16,21,161.246.,34.21/16,21,
allow,in,eth0,tcp,100.100.,111.238/16,80,161.246.,34.11/16,80,
allow,in,eth0,tcp,192.168.,136.99/16,21,161.246.,34.21/16,21,
allow,in,eth0,tcp,192.168.,54.10/16,21,161.246.,34.21/16,21,
allow,in,eth0,udp,100.100.,236.56/16,80,161.246.,34.11/16,80,
allow,in,eth0,udp,100.100.,55.28/16,80,161.246.,34.11/16,80,
allow,in,eth0,tcp,100.100.,154.230/16,80,161.246.,34.11/16,80,
deny,in,eth0,udp,100.100.,26.202/16,21,161.246.,34.21/16,21,
allow,in,eth0,tcp,192.168.,199.144/16,21,161.246.,34.21/16,21,
allow,in,eth0,udp,192.168.,54.256/16,21,161.246.,34.21/16,21,
allow,in,eth0,udp,192.168.,7.35/16,21,161.246.,34.21/1,21,
allow,in,eth0,udp,192.168.,237.84/16,80,161.246.,34.11/16,80,
allow,in,eth0,udp,100.100.,71.164/16,80,161.246.,34.11/16,80,
allow,in,eth0,udp,192.168.,53.213/16,21,161.246.,34.21/16,21,
allow,in,eth0,udp,192.168.,210.67/16,21,161.246.,34.21/16,21,
allow,in,eth0,udp,192.168.,65.221/16,80,161.246.,34.11/16,80,
allow,in,eth0,udp,192.168.,40.188/16,80,161.246.,34.11/16,80,
allow,in,eth0,udp,192.168.,32.49/16,21,161.246.,34.21/16,21,
allow,in,eth0,udp,192.168.,45.26/16,21,161.246.,34.21/16,21,
allow,in,eth0,tcp,100.100.,231.145/16,80,161.246.,34.11/16,80,
allow,in,eth0,udp,192.168.,188.153/16,21,161.246.,34.21/16,21,
allow,in,eth0,tcp,192.168.,202.20/16,21,161.246.,34.21/16,21,
deny,in,eth0,udp,100.100.,52.145/16,21,161.246.,34.21/16,21,
allow,in,eth0,udp,192.168.,227.255/16,21,161.246.,34.21/16,21,
allow,in,eth0,tcp,192.168.,104.162/16,80,161.246.,34.11/16,80,
allow,in,eth0,udp,192.168.,195.251/16,21,161.246.,34.21/16,21,
allow,in,eth0,udp,192.168.,233.178/16,80,161.246.,34.11/16,80,
allow,in,eth0,udp,192.168.,177.85/16,80,161.246.,34.11/16,80,
allow,in,eth0,tcp,100.100.,125.180/16,80,161.246.,34.11/16,80,
allow,in,eth0,udp,192.168.,109.50/16,80,161.246.,34.11/16,80,
deny,in,eth0,udp,100.100.,152.199/16,21,161.246.,34.21/16,21,
deny,in,eth0,udp,100.100.,203.133/16,21,161.246.,34.21/16,21,
deny,in,eth0,udp,100.100.,78.64/16,21,161.246.,34.21/16,21,
allow,in,eth0,udp,192.168.,94.1/16,80,161.246.,34.11/1,80,
allow,in,eth0,tcp,192.168.,103.176/16,80,161.246.,34.11/16,80,
allow,in,eth0,tcp,192.168.,133.126/16,80,161.246.,34.11/16,80,
deny,in,eth0,tcp,100.100.,75.182/16,21,161.246.,34.21/16,21,
allow,in,eth0,tcp,100.100.,51.76/16,80,161.246.,34.11/16,80,
allow,in,eth0,tcp,192.168.,189.247/16,21,161.246.,34.21/16,21,
allow,in,eth0,udp,192.168.,72.25/16,80,161.246.,34.11/16,80,
deny,in,eth0,udp,100.100.,221.195/16,21,161.246.,34.21/16,21,
allow,in,eth0,tcp,100.100.,201.219/16,80,161.246.,34.11/16,80,
allow,in,eth0,udp,192.168.,82.23/16,80,161.246.,34.11/16,80,
allow,in,eth0,udp,192.168.,161.43/16,80,161.246.,34.11/16,80,
deny,in,eth0,udp,100.100.,21.226/16,21,161.246.,34.21/16,21,
allow,in,eth0,udp,100.100.,197.50/16,80,161.246.,34.11/16,80,
allow,in,eth0,udp,192.168.,233.133/16,21,161.246.,34.21/16,21,
allow,in,eth0,tcp,192.168.,152.143/16,21,161.246.,34.21/16,21,
allow,in,eth0,tcp,192.168.,85.72/16,21,161.246.,34.21/16,21,
allow,in,eth0,tcp,192.168.,93.35/16,80,161.246.,34.11/16,80,
allow,in,eth0,udp,100.100.,122.106/16,80,161.246.,34.11/16,80,
allow,in,eth0,tcp,192.168.,235.151/16,21,161.246.,34.21/16,21,
deny,in,eth0,udp,100.100.,95.111/16,21,161.246.,34.21/16,21,
allow,in,eth0,tcp,192.168.,92.41/16,21,161.246.,34.21/16,21,
deny,in,eth0,tcp,100.100.,247.142/16,21,161.246.,34.21/16,21,
deny,in,eth0,udp,100.100.,68.202/16,21,161.246.,34.21/16,21,
allow,in,eth0,tcp,192.168.,240.121/16,21,161.246.,34.21/16,21,
allow,in,eth0,udp,192.168.,211.54/16,21,161.246.,34.21/16,21,
allow,in,eth0,tcp,192.168.,250.80/16,80,161.246.,34.11/16,80,
allow,in,eth0,udp,192.168.,196.23/16,80,161.246.,34.11/16,80,
allow,in,eth0,tcp,192.168.,64.242/16,80,161.246.,34.11/16,80,
allow,in,eth0,udp,192.168.,84.125/16,80,161.246.,34.11/16,80,
allow,in,eth0,udp,192.168.,178.220/16,80,161.246.,34.11/16,80,
allow,in,eth0,tcp,192.168.,140.66/16,21,161.246.,34.21/16,21,
allow,in,eth0,udp,192.168.,51.147/16,80,161.246.,34.11/16,80,
allow,in,eth0,tcp,192.168.,190.46/16,21,161.246.,34.21/16,21,
allow,in,eth0,udp,100.100.,88.171/16,80,161.246.,34.11/16,80,
allow,in,eth0,udp,192.168.,256.3/16,21,161.246.,34.21/16,21,
deny,in,eth0,tcp,100.100.,222.114/16,21,161.246.,34.21/16,21,
allow,in,eth0,tcp,192.168.,186.76/16,21,161.246.,34.21/16,21,
allow,in,eth0,tcp,192.168.,116.161/16,80,161.246.,34.11/16,80,
allow,in,eth0,udp,192.168.,235.120/16,80,161.246.,34.11/16,80,
allow,in,eth0,tcp,192.168.,231.90/16,80,161.246.,34.11/16,80,
allow,in,eth0,tcp,100.100.,72.133/16,80,161.246.,34.11/16,80,
allow,in,eth0,tcp,192.168.,224.177/16,21,161.246.,34.21/16,21,
allow,in,eth0,tcp,192.168.,38.16/16,21,161.246.,34.21/16,21,
allow,in,eth0,udp,192.168.,56.194/16,80,161.246.,34.11/16,80,
deny,in,eth0,tcp,100.100.,8.51/16,21,161.246.,34.21/1,21,
allow,in,eth0,tcp,192.168.,62.245/16,80,161.246.,34.11/16,80,
allow,in,eth0,tcp,100.100.,216.248/16,80,161.246.,34.11/16,80,
deny,in,eth0,udp,100.100.,126.169/16,21,161.246.,34.21/16,21,
allow,in,eth0,tcp,192.168.,141.166/16,21,161.246.,34.21/16,21,
deny,in,eth0,udp,100.100.,243.253/16,21,161.246.,34.21/16,21,
allow,in,eth0,tcp,192.168.,158.82/16,21,161.246.,34.21/16,21,
allow,in,eth0,tcp,192.168.,71.73/16,21,161.246.,34.21/16,21,
allow,in,eth0,udp,192.168.,61.140/16,21,161.246.,34.21/16,21,
allow,in,eth0,udp,192.168.,167.132/16,80,161.246.,34.11/16,80,
deny,in,eth0,tcp,100.100.,56.146/16,21,161.246.,34.21/16,21,
allow,in,eth0,udp,192.168.,196.143/16,21,161.246.,34.21/16,21,
allow,in,eth0,tcp,192.168.,231.231/16,21,161.246.,34.21/16,21,
deny,in,eth0,udp,100.100.,39.23/16,21,161.246.,34.21/16,21,
allow,in,eth0,tcp,192.168.,168.237/16,21,161.246.,34.21/16,21,
allow,in,eth0,tcp,100.100.,152.237/16,80,161.246.,34.11/16,80,
deny,in,eth0,tcp,100.100.,162.223/16,21,161.246.,34.21/16,21,
allow,in,eth0,tcp,192.168.,21.224/16,80,161.246.,34.11/16,80,
allow,in,eth0,udp,100.100.,187.195/16,80,161.246.,34.11/16,80,
allow,in,eth0,tcp,192.168.,127.241/16,21,161.246.,34.21/16,21,
allow,in,eth0,tcp,192.168.,12.169/16,80,161.246.,34.11/16,80,
allow,in,eth0,udp,100.100.,152.21/16,80,161.246.,34.11/16,80,
allow,in,eth0,udp,192.168.,100.3/16,80,161.246.,34.11/16,80,
deny,in,eth0,tcp,100.100.,115.157/16,21,161.246.,34.21/16,21,
allow,in,eth0,udp,192.168.,171.208/16,21,161.246.,34.21/16,21,
allow,in,eth0,udp,192.168.,132.195/16,80,161.246.,34.11/16,80,
deny,in,eth0,udp,100.100.,133.166/16,21,161.246.,34.21/16,21,
allow,in,eth0,udp,192.168.,151.100/16,21,161.246.,34.21/16,21,
allow,in,eth0,udp,192.168.,54.209/16,21,161.246.,34.21/16,21,
deny,in,eth0,tcp,100.100.,188.248/16,21,161.246.,34.21/16,21,
deny,in,eth0,tcp,100.100.,240.114/16,21,161.246.,34.21/16,21,
allow,in,eth0,udp,192.168.,201.173/16,21,161.246.,34.21/16,21,
allow,in,eth0,udp,192.168.,123.55/16,80,161.246.,34.11/16,80,
deny,in,eth0,udp,100.100.,23.112/16,21,161.246.,34.21/16,21,
allow,in,eth0,udp,192.168.,58.46/16,21,161.246.,34.21/16,21,
allow,in,eth0,tcp,192.168.,58.87/16,80,161.246.,34.11/16,80,
allow,in,eth0,tcp,192.168.,19.79/16,80,161.246.,34.11/16,80,
allow,in,eth0,udp,192.168.,175.67/16,21,161.246.,34.21/16,21,
allow,in,eth0,udp,192.168.,185.231/16,80,161.246.,34.11/16,80,
allow,in,eth0,tcp,192.168.,216.136/16,80,161.246.,34.11/16,80,
allow,in,eth0,udp,100.100.,138.216/16,80,161.246.,34.11/16,80,
allow,in,eth0,udp,192.168.,175.148/16,21,161.246.,34.21/16,21,
allow,in,eth0,udp,192.168.,63.203/16,21,161.246.,34.21/16,21,
allow,in,eth0,tcp,192.168.,145.2/16,80,161.246.,34.11/16,80,
allow,in,eth0,udp,192.168.,11.159/16,80,161.246.,34.11/16,80,
allow,in,eth0,udp,100.100.,83.182/16,80,161.246.,34.11/16,80,
allow,in,eth0,udp,100.100.,176.51/16,80,161.246.,34.11/16,80,
allow,in,eth0,udp,100.100.,45.24/16,80,161.246.,34.11/16,80,
allow,in,eth0,udp,192.168.,190.232/16,80,161.246.,34.11/16,80,
deny,in,eth0,tcp,100.100.,51.154/16,21,161.246.,34.21/16,21,
allow,in,eth0,tcp,100.100.,49.228/16,80,161.246.,34.11/16,80,
allow,in,eth0,udp,192.168.,135.124/16,80,161.246.,34.11/16,80,
allow,in,eth0,tcp,192.168.,71.56/16,21,161.246.,34.21/16,21,
allow,in,eth0,tcp,192.168.,228.252/16,21,161.246.,34.21/16,21,
allow,in,eth0,tcp,192.168.,233.212/16,21,161.246.,34.21/16,21,
deny,in,eth0,tcp,100.100.,206.214/16,21,161.246.,34.21/16,21,
deny,in,eth0,tcp,100.100.,165.246/16,21,161.246.,34.21/16,21,
deny,in,eth0,udp,100.100.,239.255/16,21,161.246.,34.21/16,21,
allow,in,eth0,udp,100.100.,43.29/16,80,161.246.,34.11/16,80,
allow,in,eth0,tcp,100.100.,189.13/16,80,161.246.,34.11/16,80,
deny,in,eth0,tcp,192.168.,54.56/16,21,161.246.,34.21/16,21,
allow,in,eth0,tcp,100.100.,214.180/16,80,161.246.,34.11/16,80,
allow,in,eth0,tcp,192.168.,15.101/16,80,161.246.,34.11/16,80,
allow,in,eth0,udp,100.100.,101.176/16,80,161.246.,34.11/16,80,
allow,in,eth0,udp,192.168.,126.98/16,80,161.246.,34.11/16,80,
allow,in,eth0,udp,100.100.,244.28/16,80,161.246.,34.11/16,80,
deny,in,eth0,udp,100.100.,197.113/16,21,161.246.,34.21/16,21,
allow,in,eth0,udp,192.168.,103.245/16,21,161.246.,34.21/16,21,
allow,in,eth0,udp,192.168.,204.190/16,21,161.246.,34.21/16,21,
allow,in,eth0,tcp,192.168.,5.126/16,80,161.246.,34.11/16,80,
allow,in,eth0,udp,100.100.,17.114/16,80,161.246.,34.11/16,80,
deny,in,eth0,udp,100.100.,192.202/16,21,161.246.,34.21/16,21,
allow,in,eth0,tcp,192.168.,124.22/16,21,161.246.,34.21/16,21,
deny,in,eth0,tcp,100.100.,73.189/16,21,161.246.,34.21/16,21,
allow,in,eth0,tcp,100.100.,103.30/16,80,161.246.,34.11/16,80,
allow,in,eth0,udp,192.168.,76.90/16,21,161.246.,34.21/16,21,
allow,in,eth0,udp,192.168.,144.192/16,21,161.246.,34.21/16,21,
allow,in,eth0,tcp,192.168.,195.50/16,80,161.246.,34.11/16,80,
allow,in,eth0,udp,192.168.,144.64/16,80,161.246.,34.11/16,80,
allow,in,eth0,tcp,100.100.,202.71/16,80,161.246.,34.11/16,80,
allow,in,eth0,tcp,192.168.,78.38/16,21,161.246.,34.21/16,21,
deny,in,eth0,udp,100.100.,68.127/16,21,161.246.,34.21/16,21,
deny,in,eth0,udp,100.100.,206.135/16,21,161.246.,34.21/16,21,
allow,in,eth0,tcp,192.168.,59.184/16,80,161.246.,34.11/16,80,
allow,in,eth0,udp,100.100.,147.68/16,80,161.246.,34.11/16,80,
allow,in,eth0,tcp,192.168.,190.2/16,21,161.246.,34.21/16,21,
allow,in,eth0,tcp,192.168.,123.37/16,80,161.246.,34.11/16,80,
deny,in,eth0,tcp,100.100.,243.206/16,21,161.246.,34.21/16,21,
allow,in,eth0,tcp,192.168.,74.54/16,21,161.246.,34.21/16,21,
allow,in,eth0,udp,192.168.,242.219/16,21,161.246.,34.21/16,21,
deny,in,eth0,udp,100.100.,144.27/16,21,161.246.,34.21/16,21,
allow,in,eth0,udp,192.168.,27.92/16,80,161.246.,34.11/16,80,
allow,in,eth0,udp,100.100.,52.110/16,80,161.246.,34.11/16,80,
deny,in,eth0,tcp,100.100.,16.139/16,21,161.246.,34.21/16,21,
deny,in,eth0,tcp,100.100.,72.170/16,21,161.246.,34.21/16,21,
allow,in,eth0,tcp,100.100.,85.41/16,80,161.246.,34.11/16,80,
allow,in,eth0,tcp,192.168.,200.44/16,21,161.246.,34.21/16,21,
allow,in,eth0,tcp,192.168.,166.108/16,80,161.246.,34.11/16,80,
allow,in,eth0,udp,100.100.,172.213/16,80,161.246.,34.11/16,80,
allow,in,eth0,tcp,192.168.,256.51/16,80,161.246.,34.11/16,80,
deny,in,eth0,tcp,100.100.,67.177/16,21,161.246.,34.21/16,21,
deny,in,eth0,udp,100.100.,115.215/16,21,161.246.,34.21/16,21,
deny,in,eth0,udp,100.100.,9.145/16,21,161.246.,34.21/16,21,
deny,in,eth0,tcp,100.100.,42.236/16,21,161.246.,34.21/16,21,
deny,in,eth0,udp,100.100.,181.68/16,21,161.246.,34.21/16,21,
allow,in,eth0,udp,100.100.,131.156/16,80,161.246.,34.11/16,80,
allow,in,eth0,tcp,192.168.,159.193/16,80,161.246.,34.11/16,80,
allow,in,eth0,tcp,100.100.,164.19/16,80,161.246.,34.11/16,80,
deny,in,eth0,tcp,100.100.,137.209/16,21,161.246.,34.21/16,21,
allow,in,eth0,udp,100.100.,34.13/16,80,161.246.,34.11/16,80,
deny,in,eth0,udp,100.100.,67.61/16,21,161.246.,34.21/16,21,
deny,in,eth0,udp,100.100.,32.22/16,21,161.246.,34.21/16,21,
allow,in,eth0,tcp,192.168.,7.248/16,80,161.246.,34.11/16,80,
allow,in,eth0,udp,100.100.,153.8/16,80,161.246.,34.11/16,80,
deny,in,eth0,tcp,100.100.,1.209/16,21,161.246.,34.21/16,21,
allow,in,eth0,udp,192.168.,159.4/16,21,161.246.,34.21/16,21,
allow,in,eth0,tcp,100.100.,54.132/16,80,161.246.,34.11/16,80,
allow,in,eth0,tcp,100.100.,177.67/16,80,161.246.,34.11/16,80,
allow,in,eth0,udp,192.168.,256.69/16,80,161.246.,34.11/16,80,
allow,in,eth0,udp,100.100.,2.133/16,80,161.246.,34.11/16,80,
allow,in,eth0,udp,100.100.,100.88/16,80,161.246.,34.11/16,80,
allow,in,eth0,tcp,100.100.,50.210/16,80,161.246.,34.11/16,80,
allow,in,eth0,tcp,100.100.,84.155/16,80,161.246.,34.11/16,80,
allow,in,eth0,udp,192.168.,94.148/16,21,161.246.,34.21/16,21,
allow,in,eth0,tcp,192.168.,54.244/16,21,161.246.,34.21/16,21,
allow,in,eth0,udp,192.168.,199.255/16,80,161.246.,34.11/16,80,
allow,in,eth0,tcp,100.100.,169.129/16,80,161.246.,34.11/16,80,
allow,in,eth0,udp,192.168.,43.165/16,21,161.246.,34.21/16,21,
allow,in,eth0,tcp,192.168.,47.243/16,80,161.246.,34.11/16,80,
allow,in,eth0,udp,192.168.,196.202/16,80,161.246.,34.11/16,80,
allow,in,eth0,tcp,192.168.,113.20/16,80,161.246.,34.11/16,80,
deny,in,eth0,udp,100.100.,189.177/16,21,161.246.,34.21/16,21,
allow,in,eth0,udp,100.100.,28.167/16,80,161.246.,34.11/16,80,
allow,in,eth0,udp,192.168.,87.58/16,80,161.246.,34.11/16,80,
allow,in,eth0,tcp,192.168.,71.8/16,80,161.246.,34.11/1,80,
allow,in,eth0,udp,100.100.,158.93/16,80,161.246.,34.11/16,80,
allow,in,eth0,tcp,192.168.,226.80/16,21,161.246.,34.21/16,21,
deny,in,eth0,tcp,100.100.,199.117/16,21,161.246.,34.21/16,21,
allow,in,eth0,udp,192.168.,156.198/16,80,161.246.,34.11/16,80,
allow,in,eth0,tcp,100.100.,203.165/16,80,161.246.,34.11/16,80,
allow,in,eth0,tcp,192.168.,170.99/16,80,161.246.,34.11/16,80,
allow,in,eth0,tcp,192.168.,16.196/16,80,161.246.,34.11/16,80,
allow,in,eth0,udp,192.168.,253.7/16,21,161.246.,34.21/16,21,
allow,in,eth0,tcp,192.168.,1.140/16,80,161.246.,34.11/16,80,
allow,in,eth0,tcp,192.168.,79.255/16,21,161.246.,34.21/16,21,
allow,in,eth0,tcp,192.168.,75.214/16,80,161.246.,34.11/16,80,
allow,in,eth0,tcp,192.168.,18.20/16,21,161.246.,34.21/16,21,
allow,in,eth0,tcp,192.168.,163.41/16,21,161.246.,34.21/16,21,
allow,in,eth0,tcp,192.168.,254.127/16,80,161.246.,34.11/16,80,
deny,in,eth0,udp,100.100.,92.125/16,21,161.246.,34.21/16,21,
deny,in,eth0,tcp,100.100.,201.87/16,21,161.246.,34.21/16,21,
allow,in,eth0,tcp,192.168.,152.230/16,80,161.246.,34.11/16,80,
deny,in,eth0,tcp,100.100.,239.41/16,21,161.246.,34.21/16,21,
allow,in,eth0,tcp,192.168.,48.29/16,80,161.246.,34.11/16,80,
allow,in,eth0,tcp,192.168.,164.237/16,21,161.246.,34.21/16,21,
deny,in,eth0,udp,100.100.,158.170/16,21,161.246.,34.21/16,21,
allow,in,eth0,tcp,100.100.,201.45/16,80,161.246.,34.11/16,80,
allow,in,eth0,tcp,100.100.,13.97/16,80,161.246.,34.11/16,80,
deny,in,eth0,udp,100.100.,41.17/16,21,161.246.,34.21/16,21,
allow,in,eth0,tcp,192.168.,132.4/16,21,161.246.,34.21/16,21,
allow,in,eth0,udp,192.168.,243.147/16,21,161.246.,34.21/16,21,
allow,in,eth0,udp,192.168.,216.118/16,21,161.246.,34.21/16,21,
deny,in,eth0,tcp,100.100.,20.144/16,21,161.246.,34.21/16,21,
allow,in,eth0,tcp,100.100.,251.87/16,80,161.246.,34.11/16,80,
allow,in,eth0,udp,192.168.,65.3/16,21,161.246.,34.21/1,21,
deny,in,eth0,udp,100.100.,10.253/16,21,161.246.,34.21/16,21,
allow,in,eth0,udp,192.168.,106.109/16,80,161.246.,34.11/16,80,
deny,in,eth0,tcp,100.100.,103.62/16,21,161.246.,34.21/16,21,
deny,in,eth0,tcp,100.100.,206.41/16,21,161.246.,34.21/16,21,
allow,in,eth0,tcp,100.100.,253.166/16,80,161.246.,34.11/16,80,
allow,in,eth0,udp,100.100.,246.18/16,80,161.246.,34.11/16,80,
deny,in,eth0,tcp,192.168.,182.65/16,21,161.246.,34.21/16,21,
allow,in,eth0,udp,192.168.,238.13/16,80,161.246.,34.11/16,80,
allow,in,eth0,tcp,192.168.,251.151/16,21,161.246.,34.21/16,21,
allow,in,eth0,tcp,192.168.,156.31/16,21,161.246.,34.21/16,21,
allow,in,eth0,udp,192.168.,192.103/16,21,161.246.,34.21/16,21,
allow,in,eth0,tcp,192.168.,115.99/16,80,161.246.,34.11/16,80,
allow,in,eth0,udp,192.168.,212.100/16,21,161.246.,34.21/16,21,
deny,in,eth0,udp,100.100.,170.21/16,21,161.246.,34.21/16,21,
allow,in,eth0,udp,192.168.,193.110/16,21,161.246.,34.21/16,21,
allow,in,eth0,tcp,100.100.,57.253/16,80,161.246.,34.11/16,80,
deny,in,eth0,tcp,100.100.,121.216/16,21,161.246.,34.21/16,21,
allow,in,eth0,tcp,192.168.,223.68/16,21,161.246.,34.21/16,21,
deny,in,eth0,tcp,192.168.,7.20/16,21,161.246.,34.21/1,21,
allow,in,eth0,udp,192.168.,179.67/16,80,161.246.,34.11/16,80,
allow,in,eth0,tcp,100.100.,37.183/16,80,161.246.,34.11/16,80,
deny,in,eth0,tcp,100.100.,59.41/16,21,161.246.,34.21/16,21,
deny,in,eth0,udp,100.100.,169.227/16,21,161.246.,34.21/16,21,
allow,in,eth0,udp,192.168.,70.146/16,80,161.246.,34.11/16,80,
allow,in,eth0,udp,192.168.,38.37/16,80,161.246.,34.11/16,80,
allow,in,eth0,tcp,192.168.,215.227/16,21,161.246.,34.21/16,21,
allow,in,eth0,tcp,100.100.,52.12/16,80,161.246.,34.11/16,80,
allow,in,eth0,tcp,192.168.,64.69/16,21,161.246.,34.21/16,21,
allow,in,eth0,udp,100.100.,250.182/16,80,161.246.,34.11/16,80,
deny,in,eth0,tcp,100.100.,7.167/16,21,161.246.,34.21/16,21,
allow,in,eth0,udp,192.168.,242.27/16,21,161.246.,34.21/16,21,
deny,in,eth0,udp,100.100.,124.62/16,21,161.246.,34.21/16,21,
allow,in,eth0,udp,100.100.,128.145/16,80,161.246.,34.11/16,80,
allow,in,eth0,tcp,100.100.,83.139/16,80,161.246.,34.11/16,80,
allow,in,eth0,udp,192.168.,38.85/16,21,161.246.,34.21/16,21,
allow,in,eth0,tcp,192.168.,253.106/16,21,161.246.,34.21/16,21,
deny,in,eth0,udp,100.100.,218.95/16,21,161.246.,34.21/16,21,
allow,in,eth0,udp,192.168.,59.158/16,21,161.246.,34.21/16,21,
deny,in,eth0,udp,100.100.,223.63/16,21,161.246.,34.21/16,21,
allow,in,eth0,udp,192.168.,218.32/16,80,161.246.,34.11/16,80,
allow,in,eth0,tcp,192.168.,40.226/16,80,161.246.,34.11/16,80,
deny,in,eth0,udp,100.100.,137.100/16,21,161.246.,34.21/16,21,
allow,in,eth0,udp,100.100.,190.179/16,80,161.246.,34.11/16,80,
deny,in,eth0,udp,100.100.,74.129/16,21,161.246.,34.21/16,21,
allow,in,eth0,udp,100.100.,149.228/16,80,161.246.,34.11/16,80,
allow,in,eth0,tcp,100.100.,94.49/16,80,161.246.,34.11/16,80,
allow,in,eth0,tcp,192.168.,220.217/16,80,161.246.,34.11/16,80,
allow,in,eth0,tcp,192.168.,248.22/16,21,161.246.,34.21/16,21,
allow,in,eth0,udp,192.168.,52.64/16,80,161.246.,34.11/16,80,
allow,in,eth0,tcp,192.168.,2.104/16,80,161.246.,34.11/16,80,
allow,in,eth0,tcp,192.168.,193.250/16,21,161.246.,34.21/16,21,
allow,in,eth0,tcp,192.168.,220.136/16,80,161.246.,34.11/16,80,
allow,in,eth0,tcp,100.100.,143.5/16,80,161.246.,34.11/16,80,
deny,in,eth0,udp,100.100.,56.158/16,21,161.246.,34.21/16,21,
allow,in,eth0,tcp,192.168.,252.175/16,21,161.246.,34.21/16,21,
allow,in,eth0,udp,192.168.,150.59/16,80,161.246.,34.11/16,80,
deny,in,eth0,tcp,100.100.,105.228/16,21,161.246.,34.21/16,21,
allow,in,eth0,udp,100.100.,250.243/16,80,161.246.,34.11/16,80,
deny,in,eth0,tcp,100.100.,169.54/16,21,161.246.,34.21/16,21,
allow,in,eth0,tcp,192.168.,159.142/16,21,161.246.,34.21/16,21,
deny,in,eth0,tcp,100.100.,85.69/16,21,161.246.,34.21/16,21,
deny,in,eth0,udp,100.100.,139.221/16,21,161.246.,34.21/16,21,
allow,in,eth0,tcp,192.168.,73.169/16,80,161.246.,34.11/16,80,
allow,in,eth0,udp,192.168.,190.144/16,80,161.246.,34.11/16,80,
allow,in,eth0,udp,192.168.,144.67/16,80,161.246.,34.11/16,80,
allow,in,eth0,udp,100.100.,255.30/16,80,161.246.,34.11/16,80,
allow,in,eth0,udp,192.168.,168.249/16,21,161.246.,34.21/16,21,
allow,in,eth0,udp,100.100.,73.108/16,80,161.246.,34.11/16,80,
allow,in,eth0,udp,192.168.,150.41/16,80,161.246.,34.11/16,80,
allow,in,eth0,tcp,100.100.,158.74/16,80,161.246.,34.11/16,80,
allow,in,eth0,udp,192.168.,203.146/16,80,161.246.,34.11/16,80,
